Workbook

Sheet Dane_Zrodlowe
A1: D | B1: Produkt | C1: Kategoria | D1: Status | E1: Wartosc_Start (PLN) | F1: Wartosc_Koniec (PLN)
A2: P001 | B2: Zestaw Mebli Ogrodowych "Rattan" | C2: Ogród | D2: Wycofany | E2: 45000 | F2: 5000
A3: P002 | B3: Kosiarka Spalinowa X500 | C3: Maszyny | D3: Trudnozbywalny | E3: 32000 | F3: 8000
A4: P003 | B4: Płytki Tarasowe "Drewno" | C4: Budowa | D4: Wycofany | E4: 28000 | F4: 2000
A5: P004 | B5: Grill Gazowy Premium | C5: Ogród | D5: Trudnozbywalny | E5: 25000 | F5: 12000
A6: P005 | B6: Donica Ceramiczna XXL | C6: Ozdoby | D6: Wycofany | E6: 15000 | F6: 1000
A7: P006 | B7: Narzędzia Ręczne (Zestaw) | C7: Narzędzia | D7: Trudnozbywalny | E7: 12000 | F7: 3000
A8: P007 | B8: Oświetlenie Solarne LED | C8: Ogród | D8: Wycofany | E8: 10000 | F8: 500
A9: P008 | B9: Farba Elewacyjna (Końcówki) | C9: Budowa | D9: Wycofany | E9: 8000 | F9: 1500
A10: P009 | B10: Basen Rozporowy (Stary Model) | C10: Ogród | D10: Wycofany | E10: 6000 | F10: 1000
A11: P010 | B11: Akcesoria Drobne (Mix) | C11: Różne | D11: Trudnozbywalny | E11: 4000 | F11: 1000

Sheet Narzędzie_Priorytetów
B1: LISTA PRIORYTETÓW SPRZEDAŻOWYCH
A4: Produkt | B4: Kategoria | C4: Pozostało do Sprzedania (PLN) | D4: Status | E4: PRIORYTET
A5: =Dane_Zrodlowe!B2 -> Zestaw Mebli Ogrodowych "Rattan" | B5: =Dane_Zrodlowe!C2 -> Ogród | C5: =Dane_Zrodlowe!F2 -> 5000 | D5: =Dane_Zrodlowe!D2 -> Wycofany | E5: =IF(C5>10000, "CRITICAL", IF(C5>5000, "WYSOKI", "NORMALNY")) -> NORMALNY
A6: =Dane_Zrodlowe!B3 -> Kosiarka Spalinowa X500 | B6: =Dane_Zrodlowe!C3 -> Maszyny | C6: =Dane_Zrodlowe!F3 -> 8000 | D6: =Dane_Zrodlowe!D3 -> Trudnozbywalny | E6: =IF(C6>10000, "CRITICAL", IF(C6>5000, "WYSOKI", "NORMALNY")) -> WYSOKI
A7: =Dane_Zrodlowe!B4 -> Płytki Tarasowe "Drewno" | B7: =Dane_Zrodlowe!C4 -> Budowa | C7: =Dane_Zrodlowe!F4 -> 2000 | D7: =Dane_Zrodlowe!D4 -> Wycofany | E7: =IF(C7>10000, "CRITICAL", IF(C7>5000, "WYSOKI", "NORMALNY")) -> NORMALNY
A8: =Dane_Zrodlowe!B5 -> Grill Gazowy Premium | B8: =Dane_Zrodlowe!C5 -> Ogród | C8: =Dane_Zrodlowe!F5 -> 12000 | D8: =Dane_Zrodlowe!D5 -> Trudnozbywalny | E8: =IF(C8>10000, "CRITICAL", IF(C8>5000, "WYSOKI", "NORMALNY")) -> CRITICAL
A9: =Dane_Zrodlowe!B6 -> Donica Ceramiczna XXL | B9: =Dane_Zrodlowe!C6 -> Ozdoby | C9: =Dane_Zrodlowe!F6 -> 1000 | D9: =Dane_Zrodlowe!D6 -> Wycofany | E9: =IF(C9>10000, "CRITICAL", IF(C9>5000, "WYSOKI", "NORMALNY")) -> NORMALNY
A10: =Dane_Zrodlowe!B7 -> Narzędzia Ręczne (Zestaw) | B10: =Dane_Zrodlowe!C7 -> Narzędzia | C10: =Dane_Zrodlowe!F7 -> 3000 | D10: =Dane_Zrodlowe!D7 -> Trudnozbywalny | E10: =IF(C10>10000, "CRITICAL", IF(C10>5000, "WYSOKI", "NORMALNY")) -> NORMALNY
A11: =Dane_Zrodlowe!B8 -> Oświetlenie Solarne LED | B11: =Dane_Zrodlowe!C8 -> Ogród | C11: =Dane_Zrodlowe!F8 -> 500 | D11: =Dane_Zrodlowe!D8 -> Wycofany | E11: =IF(C11>10000, "CRITICAL", IF(C11>5000, "WYSOKI", "NORMALNY")) -> NORMALNY
A12: =Dane_Zrodlowe!B9 -> Farba Elewacyjna (Końcówki) | B12: =Dane_Zrodlowe!C9 -> Budowa | C12: =Dane_Zrodlowe!F9 -> 1500 | D12: =Dane_Zrodlowe!D9 -> Wycofany | E12: =IF(C12>10000, "CRITICAL", IF(C12>5000, "WYSOKI", "NORMALNY")) -> NORMALNY
A13: =Dane_Zrodlowe!B10 -> Basen Rozporowy (Stary Model) | B13: =Dane_Zrodlowe!C10 -> Ogród | C13: =Dane_Zrodlowe!F10 -> 1000 | D13: =Dane_Zrodlowe!D10 -> Wycofany | E13: =IF(C13>10000, "CRITICAL", IF(C13>5000, "WYSOKI", "NORMALNY")) -> NORMALNY
A14: =Dane_Zrodlowe!B11 -> Akcesoria Drobne (Mix) | B14: =Dane_Zrodlowe!C11 -> Różne | C14: =Dane_Zrodlowe!F11 -> 1000 | D14: =Dane_Zrodlowe!D11 -> Trudnozbywalny | E14: =IF(C14>10000, "CRITICAL", IF(C14>5000, "WYSOKI", "NORMALNY")) -> NORMALNY

Sheet Raport_Wyników
